	url	characters	figures	tables	citations	downloads
0	https://dl.acm.org/doi/10.1145/3290605.3300231	51557	2	3	0	1725
1	https://dl.acm.org/doi/10.1145/3290605.3300232	59628	0	2	7	1469
2	https://dl.acm.org/doi/10.1145/3290605.3300233	43335	3	4	42	4484
3	https://dl.acm.org/doi/10.1145/3290605.3300234	48840	6	0	11	2384
4	https://dl.acm.org/doi/10.1145/3290605.3300235	34319	15	2	3	848
5	https://dl.acm.org/doi/10.1145/3290605.3300236	56401	5	0	1	460
6	https://dl.acm.org/doi/10.1145/3290605.3300237	54303	11	0	1	627
7	https://dl.acm.org/doi/10.1145/3290605.3300238	46205	4	1	3	721
8	https://dl.acm.org/doi/10.1145/3290605.3300239	47677	2	1	5	737
9	https://dl.acm.org/doi/10.1145/3290605.3300240	40337	7	1	0	880
10	https://dl.acm.org/doi/10.1145/3290605.3300241	30308	10	2	9	1043
11	https://dl.acm.org/doi/10.1145/3290605.3300242	33760	6	0	2	977
12	https://dl.acm.org/doi/10.1145/3290605.3300243	43531	7	3	6	1433
13	https://dl.acm.org/doi/10.1145/3290605.3300244	38607	6	2	5	1115
14	https://dl.acm.org/doi/10.1145/3290605.3300245	28023	8	0	4	1066
15	https://dl.acm.org/doi/10.1145/3290605.3300246	49684	6	1	11	862
16	https://dl.acm.org/doi/10.1145/3290605.3300248	41083	13	1	3	528
17	https://dl.acm.org/doi/10.1145/3290605.3300249	28579	4	1	0	441
18	https://dl.acm.org/doi/10.1145/3290605.3300250	45130	1	3	1	511
19	https://dl.acm.org/doi/10.1145/3290605.3300251	60946	2	0	6	487
20	https://dl.acm.org/doi/10.1145/3290605.3300252	30904	1	1	0	742
21	https://dl.acm.org/doi/10.1145/3290605.3300253	58409	3	0	5	373
22	https://dl.acm.org/doi/10.1145/3290605.3300254	40955	7	6	6	823
23	https://dl.acm.org/doi/10.1145/3290605.3300255	46664	10	6	0	324
24	https://dl.acm.org/doi/10.1145/3290605.3300256	48333	2	5	1	507
25	https://dl.acm.org/doi/10.1145/3290605.3300257	46686	6	5	3	475
26	https://dl.acm.org/doi/10.1145/3290605.3300258	48169	3	6	0	560
27	https://dl.acm.org/doi/10.1145/3290605.3300260	52250	2	0	1	402
28	https://dl.acm.org/doi/10.1145/3290605.3300261	52280	3	3	3	319
29	https://dl.acm.org/doi/10.1145/3290605.3300262	49456	1	2	2	365
30	https://dl.acm.org/doi/10.1145/3290605.3300263	58587	3	0	10	452
31	https://dl.acm.org/doi/10.1145/3290605.3300264	59067	4	0	9	1126
32	https://dl.acm.org/doi/10.1145/3290605.3300265	43081	4	0	6	581
33	https://dl.acm.org/doi/10.1145/3290605.3300266	48481	5	6	3	559
34	https://dl.acm.org/doi/10.1145/3290605.3300267	25231	17	0	4	425
35	https://dl.acm.org/doi/10.1145/3290605.3300268	34043	5	4	5	597
36	https://dl.acm.org/doi/10.1145/3290605.3300269	57015	9	0	8	400
37	https://dl.acm.org/doi/10.1145/3290605.3300270	32870	8	3	16	1181
38	https://dl.acm.org/doi/10.1145/3290605.3300271	34780	3	0	8	780
39	https://dl.acm.org/doi/10.1145/3290605.3300272	45012	8	1	7	714
40	https://dl.acm.org/doi/10.1145/3290605.3300273	42646	7	2	1	319
41	https://dl.acm.org/doi/10.1145/3290605.3300274	61004	0	0	1	532
42	https://dl.acm.org/doi/10.1145/3290605.3300275	47006	6	0	9	751
43	https://dl.acm.org/doi/10.1145/3290605.3300276	47566	8	2	5	422
44	https://dl.acm.org/doi/10.1145/3290605.3300277	30425	3	4	7	544
45	https://dl.acm.org/doi/10.1145/3290605.3300278	33623	14	1	2	210
46	https://dl.acm.org/doi/10.1145/3290605.3300279	46510	3	0	1	330
47	https://dl.acm.org/doi/10.1145/3290605.3300280	44224	3	5	0	352
48	https://dl.acm.org/doi/10.1145/3290605.3300281	41550	4	6	5	285
49	https://dl.acm.org/doi/10.1145/3290605.3300282	38432	6	4	12	498
50	https://dl.acm.org/doi/10.1145/3290605.3300283	36842	14	5	6	485
51	https://dl.acm.org/doi/10.1145/3290605.3300284	46135	8	2	4	440
52	https://dl.acm.org/doi/10.1145/3290605.3300285	46802	9	1	3	653
53	https://dl.acm.org/doi/10.1145/3290605.3300286	31541	14	0	1	866
54	https://dl.acm.org/doi/10.1145/3290605.3300287	25933	9	0	3	295
55	https://dl.acm.org/doi/10.1145/3290605.3300288	40563	9	2	0	327
56	https://dl.acm.org/doi/10.1145/3290605.3300289	25406	8	2	0	212
57	https://dl.acm.org/doi/10.1145/3290605.3300290	56235	4	0	0	499
58	https://dl.acm.org/doi/10.1145/3290605.3300291	54874	2	0	3	635
59	https://dl.acm.org/doi/10.1145/3290605.3300292	52423	6	3	7	673
60	https://dl.acm.org/doi/10.1145/3290605.3300293	34643	8	1	0	418
61	https://dl.acm.org/doi/10.1145/3290605.3300294	46632	1	6	4	286
62	https://dl.acm.org/doi/10.1145/3290605.3300295	53428	6	0	10	519
63	https://dl.acm.org/doi/10.1145/3290605.3300296	50249	2	1	1	321
64	https://dl.acm.org/doi/10.1145/3290605.3300297	41905	5	4	1	496
65	https://dl.acm.org/doi/10.1145/3290605.3300298	56936	5	0	2	384
66	https://dl.acm.org/doi/10.1145/3290605.3300299	35153	1	2	1	659
67	https://dl.acm.org/doi/10.1145/3290605.3300300	55804	3	2	1	163
68	https://dl.acm.org/doi/10.1145/3290605.3300301	39065	15	1	16	708
69	https://dl.acm.org/doi/10.1145/3290605.3300302	53279	4	2	4	267
70	https://dl.acm.org/doi/10.1145/3290605.3300303	55071	2	1	1	373
71	https://dl.acm.org/doi/10.1145/3290605.3300304	39278	6	0	0	231
72	https://dl.acm.org/doi/10.1145/3290605.3300305	40001	8	2	3	384
73	https://dl.acm.org/doi/10.1145/3290605.3300306	43180	7	1	0	486
74	https://dl.acm.org/doi/10.1145/3290605.3300307	50720	1	0	1	290
75	https://dl.acm.org/doi/10.1145/3290605.3300308	46138	5	0	0	377
76	https://dl.acm.org/doi/10.1145/3290605.3300309	41943	7	0	4	529
77	https://dl.acm.org/doi/10.1145/3290605.3300310	55164	6	0	5	601
78	https://dl.acm.org/doi/10.1145/3290605.3300311	37655	10	4	0	200
79	https://dl.acm.org/doi/10.1145/3290605.3300312	51051	4	0	0	265
80	https://dl.acm.org/doi/10.1145/3290605.3300313	44822	6	4	2	362
81	https://dl.acm.org/doi/10.1145/3290605.3300314	60311	0	1	2	320
82	https://dl.acm.org/doi/10.1145/3290605.3300315	53090	0	0	2	252
83	https://dl.acm.org/doi/10.1145/3290605.3300316	45527	2	1	8	786
84	https://dl.acm.org/doi/10.1145/3290605.3300317	29298	17	0	5	943
85	https://dl.acm.org/doi/10.1145/3290605.3300318	59227	0	2	4	459
86	https://dl.acm.org/doi/10.1145/3290605.3300319	40897	0	3	3	566
87	https://dl.acm.org/doi/10.1145/3290605.3300320	52946	2	4	4	422
88	https://dl.acm.org/doi/10.1145/3290605.3300321	51055	5	0	2	401
89	https://dl.acm.org/doi/10.1145/3290605.3300322	38922	8	5	3	305
90	https://dl.acm.org/doi/10.1145/3290605.3300323	44003	6	1	1	229
91	https://dl.acm.org/doi/10.1145/3290605.3300324	52847	4	2	3	300
92	https://dl.acm.org/doi/10.1145/3290605.3300325	40600	7	0	2	419
93	https://dl.acm.org/doi/10.1145/3290605.3300326	53696	9	3	5	280
94	https://dl.acm.org/doi/10.1145/3290605.3300327	65842	0	0	5	450
95	https://dl.acm.org/doi/10.1145/3290605.3300328	45337	4	3	4	573
96	https://dl.acm.org/doi/10.1145/3290605.3300329	62980	0	1	7	335
97	https://dl.acm.org/doi/10.1145/3290605.3300330	54585	1	3	3	545
98	https://dl.acm.org/doi/10.1145/3290605.3300331	43621	7	0	7	579
99	https://dl.acm.org/doi/10.1145/3290605.3300332	24898	6	0	0	309
100	https://dl.acm.org/doi/10.1145/3290605.3300333	37928	4	5	2	405
101	https://dl.acm.org/doi/10.1145/3290605.3300334	30368	9	1	4	965
102	https://dl.acm.org/doi/10.1145/3290605.3300335	37104	7	0	5	487
103	https://dl.acm.org/doi/10.1145/3290605.3300336	41566	1	4	5	396
104	https://dl.acm.org/doi/10.1145/3290605.3300337	59757	1	0	1	324
105	https://dl.acm.org/doi/10.1145/3290605.3300338	38825	7	3	4	505
106	https://dl.acm.org/doi/10.1145/3290605.3300339	57487	6	0	0	181
107	https://dl.acm.org/doi/10.1145/3290605.3300340	34674	10	2	7	658
108	https://dl.acm.org/doi/10.1145/3290605.3300341	50004	5	2	4	574
109	https://dl.acm.org/doi/10.1145/3290605.3300342	45719	10	0	4	520
110	https://dl.acm.org/doi/10.1145/3290605.3300343	53807	3	3	1	114
111	https://dl.acm.org/doi/10.1145/3290605.3300344	44072	12	0	4	278
112	https://dl.acm.org/doi/10.1145/3290605.3300345	50209	10	1	7	324
113	https://dl.acm.org/doi/10.1145/3290605.3300346	47246	0	2	4	496
114	https://dl.acm.org/doi/10.1145/3290605.3300347	36175	8	0	2	658
115	https://dl.acm.org/doi/10.1145/3290605.3300348	56690	1	1	0	153
116	https://dl.acm.org/doi/10.1145/3290605.3300349	46919	6	2	1	397
117	https://dl.acm.org/doi/10.1145/3290605.3300350	34319	15	2	2	168
118	https://dl.acm.org/doi/10.1145/3290605.3300351	39864	6	2	4	442
119	https://dl.acm.org/doi/10.1145/3290605.3300352	50829	3	2	2	203
120	https://dl.acm.org/doi/10.1145/3290605.3300353	29729	10	1	0	179
121	https://dl.acm.org/doi/10.1145/3290605.3300354	53077	2	5	4	298
122	https://dl.acm.org/doi/10.1145/3290605.3300355	40337	14	0	2	583
123	https://dl.acm.org/doi/10.1145/3290605.3300356	52729	1	1	11	876
124	https://dl.acm.org/doi/10.1145/3290605.3300357	54256	3	1	1	196
125	https://dl.acm.org/doi/10.1145/3290605.3300358	38182	5	2	7	803
126	https://dl.acm.org/doi/10.1145/3290605.3300359	55692	2	1	1	312
127	https://dl.acm.org/doi/10.1145/3290605.3300360	50896	9	0	0	266
128	https://dl.acm.org/doi/10.1145/3290605.3300361	45122	6	1	3	484
129	https://dl.acm.org/doi/10.1145/3290605.3300362	49502	8	5	3	398
130	https://dl.acm.org/doi/10.1145/3290605.3300363	47806	12	2	5	372
131	https://dl.acm.org/doi/10.1145/3290605.3300364	59183	4	4	5	368
132	https://dl.acm.org/doi/10.1145/3290605.3300365	38862	3	3	2	313
133	https://dl.acm.org/doi/10.1145/3290605.3300366	50398	0	0	1	255
134	https://dl.acm.org/doi/10.1145/3290605.3300367	65531	0	0	4	287
135	https://dl.acm.org/doi/10.1145/3290605.3300368	40465	5	7	1	313
136	https://dl.acm.org/doi/10.1145/3290605.3300369	46812	1	0	0	164
137	https://dl.acm.org/doi/10.1145/3290605.3300370	43966	0	3	3	642
138	https://dl.acm.org/doi/10.1145/3290605.3300371	46392	6	1	6	510
139	https://dl.acm.org/doi/10.1145/3290605.3300372	48010	0	2	7	289
140	https://dl.acm.org/doi/10.1145/3290605.3300373	46404	10	1	1	401
141	https://dl.acm.org/doi/10.1145/3290605.3300374	42201	3	8	6	519
142	https://dl.acm.org/doi/10.1145/3290605.3300375	52910	4	0	1	320
143	https://dl.acm.org/doi/10.1145/3290605.3300376	26580	12	1	3	700
144	https://dl.acm.org/doi/10.1145/3290605.3300377	38521	12	0	5	327
145	https://dl.acm.org/doi/10.1145/3290605.3300378	49979	6	3	2	435
146	https://dl.acm.org/doi/10.1145/3290605.3300379	26868	3	1	4	253
147	https://dl.acm.org/doi/10.1145/3290605.3300380	41453	4	4	2	226
148	https://dl.acm.org/doi/10.1145/3290605.3300381	45261	0	6	1	235
149	https://dl.acm.org/doi/10.1145/3290605.3300383	53025	1	3	2	196
150	https://dl.acm.org/doi/10.1145/3290605.3300384	50995	9	1	0	240
151	https://dl.acm.org/doi/10.1145/3290605.3300385	56370	2	1	0	190
152	https://dl.acm.org/doi/10.1145/3290605.3300386	36691	16	0	3	282
153	https://dl.acm.org/doi/10.1145/3290605.3300387	33824	4	0	0	175
154	https://dl.acm.org/doi/10.1145/3290605.3300388	45880	7	1	7	371
155	https://dl.acm.org/doi/10.1145/3290605.3300389	49407	6	2	2	358
156	https://dl.acm.org/doi/10.1145/3290605.3300390	55912	0	1	12	360
157	https://dl.acm.org/doi/10.1145/3290605.3300391	42426	1	2	3	244
158	https://dl.acm.org/doi/10.1145/3290605.3300392	33611	9	3	1	334
159	https://dl.acm.org/doi/10.1145/3290605.3300393	31360	7	4	1	400
160	https://dl.acm.org/doi/10.1145/3290605.3300394	42618	6	1	3	381
161	https://dl.acm.org/doi/10.1145/3290605.3300395	37773	12	3	2	362
162	https://dl.acm.org/doi/10.1145/3290605.3300397	41931	1	3	0	172
163	https://dl.acm.org/doi/10.1145/3290605.3300398	40470	4	3	1	1320
164	https://dl.acm.org/doi/10.1145/3290605.3300399	53861	4	5	3	111
165	https://dl.acm.org/doi/10.1145/3290605.3300400	36779	10	0	10	683
166	https://dl.acm.org/doi/10.1145/3290605.3300401	30082	8	2	1	355
167	https://dl.acm.org/doi/10.1145/3290605.3300402	45174	10	0	3	236
168	https://dl.acm.org/doi/10.1145/3290605.3300403	43457	10	2	4	634
169	https://dl.acm.org/doi/10.1145/3290605.3300404	31635	12	0	7	420
170	https://dl.acm.org/doi/10.1145/3290605.3300405	39858	9	4	3	406
171	https://dl.acm.org/doi/10.1145/3290605.3300406	37967	19	1	1	682
172	https://dl.acm.org/doi/10.1145/3290605.3300407	37945	14	2	2	478
173	https://dl.acm.org/doi/10.1145/3290605.3300408	45942	1	1	3	320
174	https://dl.acm.org/doi/10.1145/3290605.3300409	48062	4	1	0	154
175	https://dl.acm.org/doi/10.1145/3290605.3300410	51659	4	1	2	239
176	https://dl.acm.org/doi/10.1145/3290605.3300411	45174	5	3	4	156
177	https://dl.acm.org/doi/10.1145/3290605.3300412	40356	6	2	3	304
178	https://dl.acm.org/doi/10.1145/3290605.3300413	38217	10	0	4	502
179	https://dl.acm.org/doi/10.1145/3290605.3300414	32503	29	0	6	712
180	https://dl.acm.org/doi/10.1145/3290605.3300415	42596	3	1	3	469
181	https://dl.acm.org/doi/10.1145/3290605.3300416	40242	8	1	3	791
182	https://dl.acm.org/doi/10.1145/3290605.3300417	36311	6	2	0	139
183	https://dl.acm.org/doi/10.1145/3290605.3300418	42517	8	0	7	471
184	https://dl.acm.org/doi/10.1145/3290605.3300419	26230	7	1	1	476
185	https://dl.acm.org/doi/10.1145/3290605.3300420	33646	4	1	1	393
186	https://dl.acm.org/doi/10.1145/3290605.3300421	23117	0	5	0	270
187	https://dl.acm.org/doi/10.1145/3290605.3300422	33305	7	2	1	320
188	https://dl.acm.org/doi/10.1145/3290605.3300423	49640	7	2	2	357
189	https://dl.acm.org/doi/10.1145/3290605.3300424	54222	4	0	1	453
190	https://dl.acm.org/doi/10.1145/3290605.3300425	44670	0	1	3	394
191	https://dl.acm.org/doi/10.1145/3290605.3300426	40033	9	2	3	721
192	https://dl.acm.org/doi/10.1145/3290605.3300427	48284	14	1	6	241
193	https://dl.acm.org/doi/10.1145/3290605.3300428	49796	3	1	6	495
194	https://dl.acm.org/doi/10.1145/3290605.3300429	43051	4	1	3	358
195	https://dl.acm.org/doi/10.1145/3290605.3300430	40277	9	1	2	322
196	https://dl.acm.org/doi/10.1145/3290605.3300431	51923	11	0	7	1105
197	https://dl.acm.org/doi/10.1145/3290605.3300432	50941	3	0	1	213
198	https://dl.acm.org/doi/10.1145/3290605.3300433	49188	11	3	3	637
199	https://dl.acm.org/doi/10.1145/3290605.3300434	32145	14	0	1	353
200	https://dl.acm.org/doi/10.1145/3290605.3300435	51632	1	1	1	419
201	https://dl.acm.org/doi/10.1145/3290605.3300436	40377	6	1	3	248
202	https://dl.acm.org/doi/10.1145/3290605.3300437	46843	7	4	7	227
203	https://dl.acm.org/doi/10.1145/3290605.3300438	36820	10	2	2	224
204	https://dl.acm.org/doi/10.1145/3290605.3300439	39858	2	1	9	866
205	https://dl.acm.org/doi/10.1145/3290605.3300440	41323	7	2	0	281
206	https://dl.acm.org/doi/10.1145/3290605.3300441	36017	10	2	9	642
207	https://dl.acm.org/doi/10.1145/3290605.3300442	42003	12	0	4	565
208	https://dl.acm.org/doi/10.1145/3290605.3300443	39442	6	3	2	273
209	https://dl.acm.org/doi/10.1145/3290605.3300444	43400	3	2	0	205
210	https://dl.acm.org/doi/10.1145/3290605.3300445	34465	4	2	1	259
211	https://dl.acm.org/doi/10.1145/3290605.3300446	48962	1	0	3	347
212	https://dl.acm.org/doi/10.1145/3290605.3300447	38600	11	2	1	413
213	https://dl.acm.org/doi/10.1145/3290605.3300448	45651	4	1	0	169
214	https://dl.acm.org/doi/10.1145/3290605.3300449	33181	7	4	1	166
215	https://dl.acm.org/doi/10.1145/3290605.3300450	34273	13	0	5	439
216	https://dl.acm.org/doi/10.1145/3290605.3300451	40646	3	5	6	1357
217	https://dl.acm.org/doi/10.1145/3290605.3300452	54707	1	0	1	242
218	https://dl.acm.org/doi/10.1145/3290605.3300453	52220	0	0	3	357
219	https://dl.acm.org/doi/10.1145/3290605.3300454	36760	4	4	2	230
220	https://dl.acm.org/doi/10.1145/3290605.3300455	54586	0	1	2	890
221	https://dl.acm.org/doi/10.1145/3290605.3300456	47059	8	1	1	201
222	https://dl.acm.org/doi/10.1145/3290605.3300457	54981	1	2	2	284
223	https://dl.acm.org/doi/10.1145/3290605.3300458	54535	10	0	7	672
224	https://dl.acm.org/doi/10.1145/3290605.3300459	57012	3	2	13	647
225	https://dl.acm.org/doi/10.1145/3290605.3300460	42003	8	0	2	523
226	https://dl.acm.org/doi/10.1145/3290605.3300461	39838	0	3	1	213
227	https://dl.acm.org/doi/10.1145/3290605.3300462	39405	10	3	1	212
228	https://dl.acm.org/doi/10.1145/3290605.3300463	51801	3	0	3	170
229	https://dl.acm.org/doi/10.1145/3290605.3300464	52429	4	1	1	295
230	https://dl.acm.org/doi/10.1145/3290605.3300465	48468	8	7	2	193
231	https://dl.acm.org/doi/10.1145/3290605.3300466	57579	1	1	2	446
232	https://dl.acm.org/doi/10.1145/3290605.3300467	40270	9	1	3	255
233	https://dl.acm.org/doi/10.1145/3290605.3300468	45960	1	0	6	794
234	https://dl.acm.org/doi/10.1145/3290605.3300469	42839	5	3	2	875
235	https://dl.acm.org/doi/10.1145/3290605.3300470	22198	13	0	2	515
236	https://dl.acm.org/doi/10.1145/3290605.3300471	48962	0	2	0	95
237	https://dl.acm.org/doi/10.1145/3290605.3300472	57559	1	2	2	509
238	https://dl.acm.org/doi/10.1145/3290605.3300473	47311	0	4	14	621
239	https://dl.acm.org/doi/10.1145/3290605.3300474	36899	7	1	4	579
240	https://dl.acm.org/doi/10.1145/3290605.3300475	52548	0	1	18	859
241	https://dl.acm.org/doi/10.1145/3290605.3300476	44575	8	5	0	387
242	https://dl.acm.org/doi/10.1145/3290605.3300477	44697	4	0	0	354
243	https://dl.acm.org/doi/10.1145/3290605.3300478	34900	4	2	2	163
244	https://dl.acm.org/doi/10.1145/3290605.3300479	40394	6	1	2	379
245	https://dl.acm.org/doi/10.1145/3290605.3300480	34776	4	1	6	490
246	https://dl.acm.org/doi/10.1145/3290605.3300481	51542	2	1	1	254
247	https://dl.acm.org/doi/10.1145/3290605.3300482	42745	12	2	0	375
248	https://dl.acm.org/doi/10.1145/3290605.3300483	46761	8	0	3	391
249	https://dl.acm.org/doi/10.1145/3290605.3300484	43599	2	2	5	532
250	https://dl.acm.org/doi/10.1145/3290605.3300485	39884	3	4	0	152
251	https://dl.acm.org/doi/10.1145/3290605.3300486	43820	2	1	1	298
252	https://dl.acm.org/doi/10.1145/3290605.3300487	45859	3	2	2	225
253	https://dl.acm.org/doi/10.1145/3290605.3300488	30882	5	0	8	512
254	https://dl.acm.org/doi/10.1145/3290605.3300489	43017	1	3	4	246
255	https://dl.acm.org/doi/10.1145/3290605.3300490	47523	0	1	5	169
256	https://dl.acm.org/doi/10.1145/3290605.3300491	34102	2	6	4	184
257	https://dl.acm.org/doi/10.1145/3290605.3300492	59703	3	0	2	441
258	https://dl.acm.org/doi/10.1145/3290605.3300493	55334	1	1	4	377
259	https://dl.acm.org/doi/10.1145/3290605.3300494	46017	6	1	3	248
260	https://dl.acm.org/doi/10.1145/3290605.3300495	61285	0	0	4	509
261	https://dl.acm.org/doi/10.1145/3290605.3300496	56619	0	1	1	199
262	https://dl.acm.org/doi/10.1145/3290605.3300497	49523	1	2	2	314
263	https://dl.acm.org/doi/10.1145/3290605.3300498	49005	1	1	10	509
264	https://dl.acm.org/doi/10.1145/3290605.3300499	45356	4	0	2	311
265	https://dl.acm.org/doi/10.1145/3290605.3300500	41957	6	0	7	399
266	https://dl.acm.org/doi/10.1145/3290605.3300501	49008	2	1	3	182
267	https://dl.acm.org/doi/10.1145/3290605.3300502	55975	0	0	1	229
268	https://dl.acm.org/doi/10.1145/3290605.3300503	46776	5	0	2	318
269	https://dl.acm.org/doi/10.1145/3290605.3300505	39857	9	5	6	222
270	https://dl.acm.org/doi/10.1145/3290605.3300506	37194	21	0	6	812
271	https://dl.acm.org/doi/10.1145/3290605.3300507	59822	0	0	0	125
272	https://dl.acm.org/doi/10.1145/3290605.3300508	54646	1	0	4	386
273	https://dl.acm.org/doi/10.1145/3290605.3300509	47878	6	1	12	788
274	https://dl.acm.org/doi/10.1145/3290605.3300510	61187	0	0	4	262
275	https://dl.acm.org/doi/10.1145/3290605.3300511	39635	7	1	4	745
276	https://dl.acm.org/doi/10.1145/3290605.3300512	53979	0	1	3	212
277	https://dl.acm.org/doi/10.1145/3290605.3300513	47118	4	1	2	250
278	https://dl.acm.org/doi/10.1145/3290605.3300514	36987	8	1	5	573
279	https://dl.acm.org/doi/10.1145/3290605.3300515	49424	2	0	0	282
280	https://dl.acm.org/doi/10.1145/3290605.3300516	57192	2	0	1	126
281	https://dl.acm.org/doi/10.1145/3290605.3300517	56392	4	0	3	389
282	https://dl.acm.org/doi/10.1145/3290605.3300518	52169	4	1	6	370
283	https://dl.acm.org/doi/10.1145/3290605.3300519	38010	11	4	5	456
284	https://dl.acm.org/doi/10.1145/3290605.3300520	62354	3	0	1	414
285	https://dl.acm.org/doi/10.1145/3290605.3300521	36211	10	0	1	229
286	https://dl.acm.org/doi/10.1145/3290605.3300522	35818	4	2	2	219
287	https://dl.acm.org/doi/10.1145/3290605.3300523	51965	9	0	1	128
288	https://dl.acm.org/doi/10.1145/3290605.3300524	36132	11	1	2	246
289	https://dl.acm.org/doi/10.1145/3290605.3300525	40882	11	2	0	372
290	https://dl.acm.org/doi/10.1145/3290605.3300526	38265	3	8	2	309
291	https://dl.acm.org/doi/10.1145/3290605.3300527	41738	8	2	3	279
292	https://dl.acm.org/doi/10.1145/3290605.3300528	47803	0	0	3	639
293	https://dl.acm.org/doi/10.1145/3290605.3300529	50691	1	0	4	558
294	https://dl.acm.org/doi/10.1145/3290605.3300530	35336	8	1	1	171
295	https://dl.acm.org/doi/10.1145/3290605.3300531	55095	1	1	0	157
296	https://dl.acm.org/doi/10.1145/3290605.3300532	46027	8	0	3	295
297	https://dl.acm.org/doi/10.1145/3290605.3300533	44443	4	0	0	316
298	https://dl.acm.org/doi/10.1145/3290605.3300534	38648	10	3	1	288
299	https://dl.acm.org/doi/10.1145/3290605.3300535	30084	13	0	0	211
300	https://dl.acm.org/doi/10.1145/3290605.3300536	54385	1	3	0	358
301	https://dl.acm.org/doi/10.1145/3290605.3300537	47569	1	1	1	296
302	https://dl.acm.org/doi/10.1145/3290605.3300538	50002	1	0	1	212
303	https://dl.acm.org/doi/10.1145/3290605.3300539	20010	3	1	1	159
304	https://dl.acm.org/doi/10.1145/3290605.3300540	28474	0	4	2	178
305	https://dl.acm.org/doi/10.1145/3290605.3300541	38096	2	1	1	193
306	https://dl.acm.org/doi/10.1145/3290605.3300542	48258	1	2	1	283
307	https://dl.acm.org/doi/10.1145/3290605.3300543	54761	2	1	2	269
308	https://dl.acm.org/doi/10.1145/3290605.3300544	45558	3	1	6	530
309	https://dl.acm.org/doi/10.1145/3290605.3300545	48749	4	2	3	162
310	https://dl.acm.org/doi/10.1145/3290605.3300546	55667	1	0	1	162
311	https://dl.acm.org/doi/10.1145/3290605.3300547	49293	3	0	6	396
312	https://dl.acm.org/doi/10.1145/3290605.3300548	54209	0	3	1	274
313	https://dl.acm.org/doi/10.1145/3290605.3300549	45895	7	3	2	141
314	https://dl.acm.org/doi/10.1145/3290605.3300550	38186	12	2	8	609
315	https://dl.acm.org/doi/10.1145/3290605.3300551	35597	9	3	2	434
316	https://dl.acm.org/doi/10.1145/3290605.3300552	56596	6	0	4	285
317	https://dl.acm.org/doi/10.1145/3290605.3300553	32762	4	2	2	467
318	https://dl.acm.org/doi/10.1145/3290605.3300554	45970	8	0	1	199
319	https://dl.acm.org/doi/10.1145/3290605.3300555	40285	7	3	4	243
320	https://dl.acm.org/doi/10.1145/3290605.3300556	39012	9	3	2	407
321	https://dl.acm.org/doi/10.1145/3290605.3300557	45875	2	5	2	194
322	https://dl.acm.org/doi/10.1145/3290605.3300558	29637	5	3	2	171
323	https://dl.acm.org/doi/10.1145/3290605.3300559	28473	17	0	0	635
324	https://dl.acm.org/doi/10.1145/3290605.3300560	34077	7	9	0	214
325	https://dl.acm.org/doi/10.1145/3290605.3300561	57946	3	1	1	242
326	https://dl.acm.org/doi/10.1145/3290605.3300562	54983	6	0	2	225
327	https://dl.acm.org/doi/10.1145/3290605.3300563	51018	0	0	0	135
328	https://dl.acm.org/doi/10.1145/3290605.3300564	53139	2	0	3	168
329	https://dl.acm.org/doi/10.1145/3290605.3300565	54365	1	1	4	276
330	https://dl.acm.org/doi/10.1145/3290605.3300566	39649	12	2	5	207
331	https://dl.acm.org/doi/10.1145/3290605.3300567	48129	1	5	0	201
332	https://dl.acm.org/doi/10.1145/3290605.3300568	33922	12	1	1	886
333	https://dl.acm.org/doi/10.1145/3290605.3300569	44582	0	0	10	407
334	https://dl.acm.org/doi/10.1145/3290605.3300570	50461	3	2	0	236
335	https://dl.acm.org/doi/10.1145/3290605.3300571	56144	3	0	2	206
336	https://dl.acm.org/doi/10.1145/3290605.3300572	44424	5	2	2	248
337	https://dl.acm.org/doi/10.1145/3290605.3300573	52330	2	1	2	264
338	https://dl.acm.org/doi/10.1145/3290605.3300574	44181	3	4	4	376
339	https://dl.acm.org/doi/10.1145/3290605.3300575	44026	7	0	2	562
340	https://dl.acm.org/doi/10.1145/3290605.3300576	46222	3	5	2	179
341	https://dl.acm.org/doi/10.1145/3290605.3300577	36646	13	0	2	692
342	https://dl.acm.org/doi/10.1145/3290605.3300578	35042	18	1	2	622
343	https://dl.acm.org/doi/10.1145/3290605.3300579	51553	2	1	4	320
344	https://dl.acm.org/doi/10.1145/3290605.3300580	59222	3	1	1	294
345	https://dl.acm.org/doi/10.1145/3290605.3300581	47985	3	1	7	314
346	https://dl.acm.org/doi/10.1145/3290605.3300582	53143	4	1	3	202
347	https://dl.acm.org/doi/10.1145/3290605.3300583	56168	0	1	3	232
348	https://dl.acm.org/doi/10.1145/3290605.3300584	36002	7	2	4	462
349	https://dl.acm.org/doi/10.1145/3290605.3300585	34995	12	2	0	212
350	https://dl.acm.org/doi/10.1145/3290605.3300586	60377	1	0	7	552
351	https://dl.acm.org/doi/10.1145/3290605.3300587	45253	8	2	4	782
352	https://dl.acm.org/doi/10.1145/3290605.3300588	59619	2	0	4	298
353	https://dl.acm.org/doi/10.1145/3290605.3300589	45901	14	0	5	609
354	https://dl.acm.org/doi/10.1145/3290605.3300590	35605	6	1	9	1164
355	https://dl.acm.org/doi/10.1145/3290605.3300591	34496	6	4	2	492
356	https://dl.acm.org/doi/10.1145/3290605.3300592	38600	6	1	0	244
357	https://dl.acm.org/doi/10.1145/3290605.3300593	47546	3	1	3	347
358	https://dl.acm.org/doi/10.1145/3290605.3300594	42149	4	1	0	181
359	https://dl.acm.org/doi/10.1145/3290605.3300595	27771	11	2	1	501
360	https://dl.acm.org/doi/10.1145/3290605.3300596	49682	3	0	3	223
361	https://dl.acm.org/doi/10.1145/3290605.3300597	38823	3	6	2	210
362	https://dl.acm.org/doi/10.1145/3290605.3300598	37822	6	1	0	143
363	https://dl.acm.org/doi/10.1145/3290605.3300599	48942	11	0	1	773
364	https://dl.acm.org/doi/10.1145/3290605.3300600	50413	2	1	1	288
365	https://dl.acm.org/doi/10.1145/3290605.3300601	58846	3	1	0	347
366	https://dl.acm.org/doi/10.1145/3290605.3300602	39346	1	1	0	353
367	https://dl.acm.org/doi/10.1145/3290605.3300603	38101	8	3	0	352
368	https://dl.acm.org/doi/10.1145/3290605.3300604	46675	2	3	1	183
369	https://dl.acm.org/doi/10.1145/3290605.3300605	34312	7	5	0	319
370	https://dl.acm.org/doi/10.1145/3290605.3300606	38879	7	3	2	287
371	https://dl.acm.org/doi/10.1145/3290605.3300607	48543	2	1	2	278
372	https://dl.acm.org/doi/10.1145/3290605.3300608	62640	4	0	10	570
373	https://dl.acm.org/doi/10.1145/3290605.3300609	55394	2	0	4	176
374	https://dl.acm.org/doi/10.1145/3290605.3300610	47727	10	0	3	373
375	https://dl.acm.org/doi/10.1145/3290605.3300611	53397	3	0	1	115
376	https://dl.acm.org/doi/10.1145/3290605.3300612	53922	3	2	2	294
377	https://dl.acm.org/doi/10.1145/3290605.3300613	49186	6	2	0	227
378	https://dl.acm.org/doi/10.1145/3290605.3300614	26811	6	1	2	270
379	https://dl.acm.org/doi/10.1145/3290605.3300615	42325	6	3	3	205
380	https://dl.acm.org/doi/10.1145/3290605.3300616	46999	4	5	4	432
381	https://dl.acm.org/doi/10.1145/3290605.3300617	56099	2	0	6	263
382	https://dl.acm.org/doi/10.1145/3290605.3300618	41657	6	4	2	152
383	https://dl.acm.org/doi/10.1145/3290605.3300619	42644	7	2	13	702
384	https://dl.acm.org/doi/10.1145/3290605.3300620	58707	1	2	1	537
385	https://dl.acm.org/doi/10.1145/3290605.3300621	35935	3	2	1	248
386	https://dl.acm.org/doi/10.1145/3290605.3300622	49626	0	1	0	242
387	https://dl.acm.org/doi/10.1145/3290605.3300623	61884	2	2	1	226
388	https://dl.acm.org/doi/10.1145/3290605.3300624	57278	1	0	0	470
389	https://dl.acm.org/doi/10.1145/3290605.3300625	39535	8	0	1	544
390	https://dl.acm.org/doi/10.1145/3290605.3300626	58353	1	1	0	122
391	https://dl.acm.org/doi/10.1145/3290605.3300627	36906	2	0	1	1549
392	https://dl.acm.org/doi/10.1145/3290605.3300628	53612	5	0	2	578
393	https://dl.acm.org/doi/10.1145/3290605.3300629	56020	0	2	0	239
394	https://dl.acm.org/doi/10.1145/3290605.3300630	46370	13	0	1	193
395	https://dl.acm.org/doi/10.1145/3290605.3300631	50409	5	1	2	326
396	https://dl.acm.org/doi/10.1145/3290605.3300632	40826	8	0	4	453
397	https://dl.acm.org/doi/10.1145/3290605.3300633	47641	8	1	3	213
398	https://dl.acm.org/doi/10.1145/3290605.3300634	52477	2	1	8	265
399	https://dl.acm.org/doi/10.1145/3290605.3300635	48380	2	1	2	328
400	https://dl.acm.org/doi/10.1145/3290605.3300636	48273	3	6	4	496
401	https://dl.acm.org/doi/10.1145/3290605.3300637	40082	8	5	6	229
402	https://dl.acm.org/doi/10.1145/3290605.3300638	39475	9	1	5	501
403	https://dl.acm.org/doi/10.1145/3290605.3300639	46031	6	1	1	264
404	https://dl.acm.org/doi/10.1145/3290605.3300640	51489	6	1	0	174
405	https://dl.acm.org/doi/10.1145/3290605.3300641	51184	9	1	6	709
406	https://dl.acm.org/doi/10.1145/3290605.3300642	50318	7	3	3	128
407	https://dl.acm.org/doi/10.1145/3290605.3300643	36460	10	1	2	815
408	https://dl.acm.org/doi/10.1145/3290605.3300644	53701	5	2	5	439
409	https://dl.acm.org/doi/10.1145/3290605.3300645	41457	7	1	3	404
410	https://dl.acm.org/doi/10.1145/3290605.3300646	39806	9	0	6	378
411	https://dl.acm.org/doi/10.1145/3290605.3300647	56018	3	2	1	254
412	https://dl.acm.org/doi/10.1145/3290605.3300648	51261	3	3	0	229
413	https://dl.acm.org/doi/10.1145/3290605.3300650	35505	8	0	1	240
414	https://dl.acm.org/doi/10.1145/3290605.3300651	17827	3	0	0	202
415	https://dl.acm.org/doi/10.1145/3290605.3300652	51536	6	1	1	379
416	https://dl.acm.org/doi/10.1145/3290605.3300653	52206	4	2	7	339
417	https://dl.acm.org/doi/10.1145/3290605.3300654	52773	0	1	0	211
418	https://dl.acm.org/doi/10.1145/3290605.3300655	34089	1	6	8	599
419	https://dl.acm.org/doi/10.1145/3290605.3300656	31275	21	0	5	490
420	https://dl.acm.org/doi/10.1145/3290605.3300657	30088	6	0	3	412
421	https://dl.acm.org/doi/10.1145/3290605.3300658	52606	1	1	2	184
422	https://dl.acm.org/doi/10.1145/3290605.3300659	36749	8	1	0	248
423	https://dl.acm.org/doi/10.1145/3290605.3300660	40321	5	3	2	346
424	https://dl.acm.org/doi/10.1145/3290605.3300661	22749	6	1	3	400
425	https://dl.acm.org/doi/10.1145/3290605.3300662	48794	0	1	2	230
426	https://dl.acm.org/doi/10.1145/3290605.3300663	26747	1	1	1	241
427	https://dl.acm.org/doi/10.1145/3290605.3300664	56436	3	0	0	166
428	https://dl.acm.org/doi/10.1145/3290605.3300665	62490	3	1	1	221
429	https://dl.acm.org/doi/10.1145/3290605.3300666	50243	6	1	0	192
430	https://dl.acm.org/doi/10.1145/3290605.3300667	44503	3	2	1	124
431	https://dl.acm.org/doi/10.1145/3290605.3300668	58387	1	3	2	321
432	https://dl.acm.org/doi/10.1145/3290605.3300669	53055	1	0	1	353
433	https://dl.acm.org/doi/10.1145/3290605.3300670	54160	4	0	3	262
434	https://dl.acm.org/doi/10.1145/3290605.3300671	42325	7	1	2	224
435	https://dl.acm.org/doi/10.1145/3290605.3300672	48014	7	1	1	284
436	https://dl.acm.org/doi/10.1145/3290605.3300673	35254	10	1	0	400
437	https://dl.acm.org/doi/10.1145/3290605.3300674	41835	15	0	1	414
438	https://dl.acm.org/doi/10.1145/3290605.3300675	49874	7	0	2	216
439	https://dl.acm.org/doi/10.1145/3290605.3300676	41078	8	1	2	456
440	https://dl.acm.org/doi/10.1145/3290605.3300677	33590	15	1	2	492
441	https://dl.acm.org/doi/10.1145/3290605.3300678	35475	10	0	5	410
442	https://dl.acm.org/doi/10.1145/3290605.3300679	49869	0	2	1	199
443	https://dl.acm.org/doi/10.1145/3290605.3300680	47386	0	1	7	377
444	https://dl.acm.org/doi/10.1145/3290605.3300681	24015	0	0	0	161
445	https://dl.acm.org/doi/10.1145/3290605.3300682	34390	14	2	4	393
446	https://dl.acm.org/doi/10.1145/3290605.3300683	55041	7	5	2	1589
447	https://dl.acm.org/doi/10.1145/3290605.3300684	41284	9	0	6	245
448	https://dl.acm.org/doi/10.1145/3290605.3300685	55169	2	1	2	172
449	https://dl.acm.org/doi/10.1145/3290605.3300686	38415	9	2	2	517
450	https://dl.acm.org/doi/10.1145/3290605.3300688	55011	0	0	3	245
451	https://dl.acm.org/doi/10.1145/3290605.3300689	44222	8	1	1	324
452	https://dl.acm.org/doi/10.1145/3290605.3300690	52411	4	1	2	235
453	https://dl.acm.org/doi/10.1145/3290605.3300691	48314	2	0	1	235
454	https://dl.acm.org/doi/10.1145/3290605.3300692	44821	3	3	2	224
455	https://dl.acm.org/doi/10.1145/3290605.3300693	44288	4	0	8	205
456	https://dl.acm.org/doi/10.1145/3290605.3300694	43510	6	0	7	337
457	https://dl.acm.org/doi/10.1145/3290605.3300695	60266	2	0	6	203
458	https://dl.acm.org/doi/10.1145/3290605.3300696	42776	3	4	1	880
459	https://dl.acm.org/doi/10.1145/3290605.3300697	45961	3	3	2	238
460	https://dl.acm.org/doi/10.1145/3290605.3300698	57064	1	1	0	256
461	https://dl.acm.org/doi/10.1145/3290605.3300699	47408	2	1	2	245
462	https://dl.acm.org/doi/10.1145/3290605.3300700	54145	5	2	2	223
463	https://dl.acm.org/doi/10.1145/3290605.3300701	37014	11	0	1	466
464	https://dl.acm.org/doi/10.1145/3290605.3300702	54320	0	1	1	191
465	https://dl.acm.org/doi/10.1145/3290605.3300703	41469	7	1	4	360
466	https://dl.acm.org/doi/10.1145/3290605.3300704	39949	6	3	3	243
467	https://dl.acm.org/doi/10.1145/3290605.3300705	44438	0	0	14	1017
468	https://dl.acm.org/doi/10.1145/3290605.3300706	51941	7	0	2	319
469	https://dl.acm.org/doi/10.1145/3290605.3300707	38795	8	0	6	492
470	https://dl.acm.org/doi/10.1145/3290605.3300708	33050	4	1	0	233
471	https://dl.acm.org/doi/10.1145/3290605.3300709	45346	4	1	1	289
472	https://dl.acm.org/doi/10.1145/3290605.3300710	65021	0	0	6	229
473	https://dl.acm.org/doi/10.1145/3290605.3300711	53227	1	0	1	350
474	https://dl.acm.org/doi/10.1145/3290605.3300712	46418	8	0	2	175
475	https://dl.acm.org/doi/10.1145/3290605.3300713	36219	8	0	3	1405
476	https://dl.acm.org/doi/10.1145/3290605.3300714	53548	4	2	1	315
477	https://dl.acm.org/doi/10.1145/3290605.3300715	34014	10	0	0	245
478	https://dl.acm.org/doi/10.1145/3290605.3300716	52734	5	0	2	220
479	https://dl.acm.org/doi/10.1145/3290605.3300717	42043	2	2	6	451
480	https://dl.acm.org/doi/10.1145/3290605.3300718	47157	10	2	9	677
481	https://dl.acm.org/doi/10.1145/3290605.3300719	39237	3	6	0	413
482	https://dl.acm.org/doi/10.1145/3290605.3300720	56897	1	3	2	245
483	https://dl.acm.org/doi/10.1145/3290605.3300721	40361	7	6	3	365
484	https://dl.acm.org/doi/10.1145/3290605.3300722	38713	4	1	3	516
485	https://dl.acm.org/doi/10.1145/3290605.3300723	59867	0	0	2	452
486	https://dl.acm.org/doi/10.1145/3290605.3300724	57595	2	2	3	314
487	https://dl.acm.org/doi/10.1145/3290605.3300725	46752	10	3	1	342
488	https://dl.acm.org/doi/10.1145/3290605.3300726	41221	3	7	1	228
489	https://dl.acm.org/doi/10.1145/3290605.3300727	42528	6	1	0	416
490	https://dl.acm.org/doi/10.1145/3290605.3300728	37042	9	1	0	220
491	https://dl.acm.org/doi/10.1145/3290605.3300729	49074	2	0	1	146
492	https://dl.acm.org/doi/10.1145/3290605.3300730	34194	10	1	2	176
493	https://dl.acm.org/doi/10.1145/3290605.3300731	42798	11	0	0	336
494	https://dl.acm.org/doi/10.1145/3290605.3300732	45811	4	2	1	510
495	https://dl.acm.org/doi/10.1145/3290605.3300733	54369	4	1	10	2802
496	https://dl.acm.org/doi/10.1145/3290605.3300734	41850	5	4	1	172
497	https://dl.acm.org/doi/10.1145/3290605.3300735	41312	4	2	0	149
498	https://dl.acm.org/doi/10.1145/3290605.3300736	45965	4	0	4	456
499	https://dl.acm.org/doi/10.1145/3290605.3300737	42413	5	1	4	634
500	https://dl.acm.org/doi/10.1145/3290605.3300738	36465	2	8	1	289
501	https://dl.acm.org/doi/10.1145/3290605.3300739	40757	2	0	3	643
502	https://dl.acm.org/doi/10.1145/3290605.3300740	56422	1	0	5	457
503	https://dl.acm.org/doi/10.1145/3290605.3300741	47208	4	0	3	232
504	https://dl.acm.org/doi/10.1145/3290605.3300742	36793	7	0	0	175
505	https://dl.acm.org/doi/10.1145/3290605.3300743	34481	5	0	1	177
506	https://dl.acm.org/doi/10.1145/3290605.3300744	43802	4	1	1	388
507	https://dl.acm.org/doi/10.1145/3290605.3300745	44217	9	2	1	333
508	https://dl.acm.org/doi/10.1145/3290605.3300746	48180	6	3	2	354
509	https://dl.acm.org/doi/10.1145/3290605.3300747	32728	11	4	1	240
510	https://dl.acm.org/doi/10.1145/3290605.3300748	56008	8	0	3	395
511	https://dl.acm.org/doi/10.1145/3290605.3300749	52221	7	1	2	228
512	https://dl.acm.org/doi/10.1145/3290605.3300750	27848	4	1	2	599
513	https://dl.acm.org/doi/10.1145/3290605.3300751	36021	5	0	3	482
514	https://dl.acm.org/doi/10.1145/3290605.3300752	35271	15	1	7	399
515	https://dl.acm.org/doi/10.1145/3290605.3300753	19030	2	1	3	211
516	https://dl.acm.org/doi/10.1145/3290605.3300754	40005	4	4	0	253
517	https://dl.acm.org/doi/10.1145/3290605.3300755	44494	16	8	2	182
518	https://dl.acm.org/doi/10.1145/3290605.3300756	35649	2	2	5	214
519	https://dl.acm.org/doi/10.1145/3290605.3300757	42269	8	3	2	153
520	https://dl.acm.org/doi/10.1145/3290605.3300758	42299	7	1	0	428
521	https://dl.acm.org/doi/10.1145/3290605.3300759	51363	4	2	0	760
522	https://dl.acm.org/doi/10.1145/3290605.3300760	50544	2	0	8	389
523	https://dl.acm.org/doi/10.1145/3290605.3300761	45255	6	2	2	162
524	https://dl.acm.org/doi/10.1145/3290605.3300762	45383	3	0	2	327
525	https://dl.acm.org/doi/10.1145/3290605.3300763	40177	8	2	3	405
526	https://dl.acm.org/doi/10.1145/3290605.3300764	44310	3	3	9	927
527	https://dl.acm.org/doi/10.1145/3290605.3300765	42056	6	2	1	801
528	https://dl.acm.org/doi/10.1145/3290605.3300766	41752	16	0	3	561
529	https://dl.acm.org/doi/10.1145/3290605.3300767	50363	2	3	8	880
530	https://dl.acm.org/doi/10.1145/3290605.3300768	33272	3	0	4	512
531	https://dl.acm.org/doi/10.1145/3290605.3300769	44266	4	0	1	175
532	https://dl.acm.org/doi/10.1145/3290605.3300770	42243	0	3	0	263
533	https://dl.acm.org/doi/10.1145/3290605.3300771	41076	7	1	1	177
534	https://dl.acm.org/doi/10.1145/3290605.3300772	49675	2	3	5	482
535	https://dl.acm.org/doi/10.1145/3290605.3300773	51050	4	1	3	321
536	https://dl.acm.org/doi/10.1145/3290605.3300774	37102	6	4	1	722
537	https://dl.acm.org/doi/10.1145/3290605.3300775	40992	13	0	3	478
538	https://dl.acm.org/doi/10.1145/3290605.3300776	31286	5	3	3	334
539	https://dl.acm.org/doi/10.1145/3290605.3300777	46069	1	4	2	174
540	https://dl.acm.org/doi/10.1145/3290605.3300778	35596	13	4	4	736
541	https://dl.acm.org/doi/10.1145/3290605.3300779	41641	7	3	0	244
542	https://dl.acm.org/doi/10.1145/3290605.3300780	39318	6	2	6	560
543	https://dl.acm.org/doi/10.1145/3290605.3300781	19249	3	3	6	382
544	https://dl.acm.org/doi/10.1145/3290605.3300782	46636	1	3	4	379
545	https://dl.acm.org/doi/10.1145/3290605.3300783	36325	8	0	0	163
546	https://dl.acm.org/doi/10.1145/3290605.3300784	36292	7	5	0	177
547	https://dl.acm.org/doi/10.1145/3290605.3300785	40416	11	1	0	157
548	https://dl.acm.org/doi/10.1145/3290605.3300786	38076	7	2	2	207
549	https://dl.acm.org/doi/10.1145/3290605.3300787	40843	8	3	1	430
550	https://dl.acm.org/doi/10.1145/3290605.3300788	33316	4	2	1	530
551	https://dl.acm.org/doi/10.1145/3290605.3300789	38061	3	1	4	936
552	https://dl.acm.org/doi/10.1145/3290605.3300790	38432	8	1	5	254
553	https://dl.acm.org/doi/10.1145/3290605.3300791	57297	2	0	3	195
554	https://dl.acm.org/doi/10.1145/3290605.3300792	47683	2	5	14	733
555	https://dl.acm.org/doi/10.1145/3290605.3300793	49839	2	2	2	328
556	https://dl.acm.org/doi/10.1145/3290605.3300794	45864	7	0	4	481
557	https://dl.acm.org/doi/10.1145/3290605.3300795	46073	3	1	1	235
558	https://dl.acm.org/doi/10.1145/3290605.3300796	25425	28	0	2	303
559	https://dl.acm.org/doi/10.1145/3290605.3300797	28112	13	1	0	365
560	https://dl.acm.org/doi/10.1145/3290605.3300798	43690	7	2	1	291
561	https://dl.acm.org/doi/10.1145/3290605.3300799	49257	1	0	5	355
562	https://dl.acm.org/doi/10.1145/3290605.3300800	26041	5	1	1	156
563	https://dl.acm.org/doi/10.1145/3290605.3300801	53905	3	0	1	289
564	https://dl.acm.org/doi/10.1145/3290605.3300802	33434	8	1	1	242
565	https://dl.acm.org/doi/10.1145/3290605.3300803	42140	7	1	2	340
566	https://dl.acm.org/doi/10.1145/3290605.3300804	47354	6	3	4	231
567	https://dl.acm.org/doi/10.1145/3290605.3300805	51461	5	0	1	220
568	https://dl.acm.org/doi/10.1145/3290605.3300806	49075	2	0	3	176
569	https://dl.acm.org/doi/10.1145/3290605.3300807	46977	8	1	3	254
570	https://dl.acm.org/doi/10.1145/3290605.3300808	53690	5	1	0	230
571	https://dl.acm.org/doi/10.1145/3290605.3300809	43505	3	0	6	564
572	https://dl.acm.org/doi/10.1145/3290605.3300810	51740	0	0	2	361
573	https://dl.acm.org/doi/10.1145/3290605.3300811	43951	7	3	2	285
574	https://dl.acm.org/doi/10.1145/3290605.3300812	42105	0	5	1	224
575	https://dl.acm.org/doi/10.1145/3290605.3300813	54494	2	1	3	201
576	https://dl.acm.org/doi/10.1145/3290605.3300814	34654	14	0	0	258
577	https://dl.acm.org/doi/10.1145/3290605.3300815	43425	7	1	2	463
578	https://dl.acm.org/doi/10.1145/3290605.3300816	36585	8	0	3	261
579	https://dl.acm.org/doi/10.1145/3290605.3300817	51208	2	2	2	251
580	https://dl.acm.org/doi/10.1145/3290605.3300818	37846	8	1	0	130
581	https://dl.acm.org/doi/10.1145/3290605.3300819	49576	4	0	2	188
582	https://dl.acm.org/doi/10.1145/3290605.3300820	36614	11	1	6	269
583	https://dl.acm.org/doi/10.1145/3290605.3300821	55205	6	5	3	272
584	https://dl.acm.org/doi/10.1145/3290605.3300822	41257	2	4	3	329
585	https://dl.acm.org/doi/10.1145/3290605.3300823	57766	3	1	7	280
586	https://dl.acm.org/doi/10.1145/3290605.3300824	59747	1	0	1	407
587	https://dl.acm.org/doi/10.1145/3290605.3300825	36936	6	5	1	160
588	https://dl.acm.org/doi/10.1145/3290605.3300826	48376	15	0	5	623
589	https://dl.acm.org/doi/10.1145/3290605.3300827	50611	5	2	3	162
590	https://dl.acm.org/doi/10.1145/3290605.3300828	40497	3	6	2	420
591	https://dl.acm.org/doi/10.1145/3290605.3300829	55665	0	5	0	143
592	https://dl.acm.org/doi/10.1145/3290605.3300830	56547	1	1	23	1202
593	https://dl.acm.org/doi/10.1145/3290605.3300831	54298	3	1	15	1782
594	https://dl.acm.org/doi/10.1145/3290605.3300832	53740	0	0	2	593
595	https://dl.acm.org/doi/10.1145/3290605.3300833	58273	0	0	7	326
596	https://dl.acm.org/doi/10.1145/3290605.3300834	39518	7	2	0	189
597	https://dl.acm.org/doi/10.1145/3290605.3300835	45543	4	1	4	271
598	https://dl.acm.org/doi/10.1145/3290605.3300836	48142	10	2	5	315
599	https://dl.acm.org/doi/10.1145/3290605.3300837	51851	1	0	6	221
600	https://dl.acm.org/doi/10.1145/3290605.3300838	38174	7	2	1	304
601	https://dl.acm.org/doi/10.1145/3290605.3300839	36933	8	0	3	417
602	https://dl.acm.org/doi/10.1145/3290605.3300840	56182	1	0	4	329
603	https://dl.acm.org/doi/10.1145/3290605.3300841	33612	10	3	2	132
604	https://dl.acm.org/doi/10.1145/3290605.3300842	38372	10	0	6	337
605	https://dl.acm.org/doi/10.1145/3290605.3300843	30371	8	0	2	314
606	https://dl.acm.org/doi/10.1145/3290605.3300844	44343	6	0	2	226
607	https://dl.acm.org/doi/10.1145/3290605.3300845	41313	2	4	5	471
608	https://dl.acm.org/doi/10.1145/3290605.3300846	48727	6	0	6	252
609	https://dl.acm.org/doi/10.1145/3290605.3300847	49701	3	0	6	420
610	https://dl.acm.org/doi/10.1145/3290605.3300848	51978	9	5	3	442
611	https://dl.acm.org/doi/10.1145/3290605.3300849	38976	8	3	4	566
612	https://dl.acm.org/doi/10.1145/3290605.3300850	42385	9	2	3	214
613	https://dl.acm.org/doi/10.1145/3290605.3300851	29914	7	3	1	258
614	https://dl.acm.org/doi/10.1145/3290605.3300852	38871	13	2	1	612
615	https://dl.acm.org/doi/10.1145/3290605.3300853	43711	8	1	2	241
616	https://dl.acm.org/doi/10.1145/3290605.3300854	49795	3	3	3	299
617	https://dl.acm.org/doi/10.1145/3290605.3300855	41644	9	0	4	654
618	https://dl.acm.org/doi/10.1145/3290605.3300856	47443	5	5	9	278
619	https://dl.acm.org/doi/10.1145/3290605.3300857	40987	4	0	5	346
620	https://dl.acm.org/doi/10.1145/3290605.3300858	34259	24	0	1	262
621	https://dl.acm.org/doi/10.1145/3290605.3300859	54938	1	1	3	344
622	https://dl.acm.org/doi/10.1145/3290605.3300860	56758	5	3	0	154
623	https://dl.acm.org/doi/10.1145/3290605.3300861	54838	2	2	2	257
624	https://dl.acm.org/doi/10.1145/3290605.3300862	32528	11	0	9	565
625	https://dl.acm.org/doi/10.1145/3290605.3300863	45466	4	3	7	622
626	https://dl.acm.org/doi/10.1145/3290605.3300864	46199	7	3	1	235
627	https://dl.acm.org/doi/10.1145/3290605.3300865	40426	1	4	2	212
628	https://dl.acm.org/doi/10.1145/3290605.3300866	44836	9	4	0	288
629	https://dl.acm.org/doi/10.1145/3290605.3300867	36158	7	5	3	467
630	https://dl.acm.org/doi/10.1145/3290605.3300868	53248	5	0	1	170
631	https://dl.acm.org/doi/10.1145/3290605.3300869	45642	2	4	3	244
632	https://dl.acm.org/doi/10.1145/3290605.3300870	37046	8	2	2	232
633	https://dl.acm.org/doi/10.1145/3290605.3300871	41487	12	1	0	241
634	https://dl.acm.org/doi/10.1145/3290605.3300872	50366	4	5	1	192
635	https://dl.acm.org/doi/10.1145/3290605.3300873	47455	14	0	3	512
636	https://dl.acm.org/doi/10.1145/3290605.3300874	51347	5	2	2	123
637	https://dl.acm.org/doi/10.1145/3290605.3300876	43484	0	0	0	165
638	https://dl.acm.org/doi/10.1145/3290605.3300877	42196	18	0	2	404
639	https://dl.acm.org/doi/10.1145/3290605.3300878	35419	4	2	3	134
640	https://dl.acm.org/doi/10.1145/3290605.3300879	60170	0	1	0	486
641	https://dl.acm.org/doi/10.1145/3290605.3300880	45836	2	1	3	379
642	https://dl.acm.org/doi/10.1145/3290605.3300881	47371	8	8	2	272
643	https://dl.acm.org/doi/10.1145/3290605.3300882	62106	0	0	3	262
644	https://dl.acm.org/doi/10.1145/3290605.3300883	39571	0	4	1	222
645	https://dl.acm.org/doi/10.1145/3290605.3300884	43504	9	1	2	246
646	https://dl.acm.org/doi/10.1145/3290605.3300885	43224	2	1	1	345
647	https://dl.acm.org/doi/10.1145/3290605.3300886	49705	3	0	1	228
648	https://dl.acm.org/doi/10.1145/3290605.3300887	51116	0	0	0	180
649	https://dl.acm.org/doi/10.1145/3290605.3300888	48142	7	1	3	290
650	https://dl.acm.org/doi/10.1145/3290605.3300889	48050	5	3	1	361
651	https://dl.acm.org/doi/10.1145/3290605.3300890	28247	16	3	3	423
652	https://dl.acm.org/doi/10.1145/3290605.3300891	56356	1	0	0	183
653	https://dl.acm.org/doi/10.1145/3290605.3300892	35452	8	0	3	292
654	https://dl.acm.org/doi/10.1145/3290605.3300893	37329	13	1	4	194
655	https://dl.acm.org/doi/10.1145/3290605.3300894	60865	3	1	1	131
656	https://dl.acm.org/doi/10.1145/3290605.3300895	64279	1	3	3	257
657	https://dl.acm.org/doi/10.1145/3290605.3300896	41782	1	1	0	268
658	https://dl.acm.org/doi/10.1145/3290605.3300897	49895	6	3	5	271
659	https://dl.acm.org/doi/10.1145/3290605.3300898	41202	7	4	1	339
660	https://dl.acm.org/doi/10.1145/3290605.3300899	55875	6	0	1	251
661	https://dl.acm.org/doi/10.1145/3290605.3300900	53749	1	1	0	344
662	https://dl.acm.org/doi/10.1145/3290605.3300901	54106	0	2	2	178
663	https://dl.acm.org/doi/10.1145/3290605.3300902	49388	12	0	2	262
664	https://dl.acm.org/doi/10.1145/3290605.3300903	37244	7	2	3	553
665	https://dl.acm.org/doi/10.1145/3290605.3300904	31659	3	7	0	471
666	https://dl.acm.org/doi/10.1145/3290605.3300905	46859	12	2	1	466
667	https://dl.acm.org/doi/10.1145/3290605.3300906	32869	10	1	0	429
668	https://dl.acm.org/doi/10.1145/3290605.3300907	39665	7	4	0	370
669	https://dl.acm.org/doi/10.1145/3290605.3300908	42113	7	0	5	439
670	https://dl.acm.org/doi/10.1145/3290605.3300909	57396	1	0	2	236
671	https://dl.acm.org/doi/10.1145/3290605.3300910	48193	3	0	2	272
672	https://dl.acm.org/doi/10.1145/3290605.3300911	37274	8	1	7	457
673	https://dl.acm.org/doi/10.1145/3290605.3300912	53948	14	0	5	341
674	https://dl.acm.org/doi/10.1145/3290605.3300913	29341	3	2	2	345
675	https://dl.acm.org/doi/10.1145/3290605.3300914	64563	0	2	3	126
676	https://dl.acm.org/doi/10.1145/3290605.3300915	32470	9	1	10	344
677	https://dl.acm.org/doi/10.1145/3290605.3300916	32980	5	2	1	158
678	https://dl.acm.org/doi/10.1145/3290605.3300917	49323	8	0	3	732
679	https://dl.acm.org/doi/10.1145/3290605.3300918	42355	13	1	5	479
680	https://dl.acm.org/doi/10.1145/3290605.3300920	52438	1	3	1	150
681	https://dl.acm.org/doi/10.1145/3290605.3300921	50417	1	1	2	396
682	https://dl.acm.org/doi/10.1145/3290605.3300922	57406	3	1	3	160
683	https://dl.acm.org/doi/10.1145/3290605.3300923	40381	16	0	7	523
684	https://dl.acm.org/doi/10.1145/3290605.3300924	38520	10	2	2	148
685	https://dl.acm.org/doi/10.1145/3290605.3300925	47866	3	2	0	413
686	https://dl.acm.org/doi/10.1145/3290605.3300926	36910	18	0	3	315
687	https://dl.acm.org/doi/10.1145/3290605.3300927	45910	4	2	3	259
688	https://dl.acm.org/doi/10.1145/3290605.3300928	27562	6	0	0	402
689	https://dl.acm.org/doi/10.1145/3290605.3300929	48190	12	2	7	504
690	https://dl.acm.org/doi/10.1145/3290605.3300930	35536	2	2	6	324
691	https://dl.acm.org/doi/10.1145/3290605.3300931	44076	2	5	5	352
692	https://dl.acm.org/doi/10.1145/3290605.3300932	55500	1	2	8	681
693	https://dl.acm.org/doi/10.1145/3290605.3300933	49222	9	3	0	218
694	https://dl.acm.org/doi/10.1145/3290605.3300935	40995	11	0	2	593
